login_attempts,time_since_last_login,ip_address_risk,is_locked
2,33.257802976836565,high,1
3,25.85721765750586,low,0
8,1.2815496837281817,low,1
3,55.35537307031028,low,0
8,22.809400455019436,medium,1
2,65.69488531853631,low,0
2,51.23554146055749,low,0
9,58.20555450600898,medium,1
5,16.352907155191303,low,1
7,21.93985366270651,high,1
8,63.8416117313117,low,1
1,55.723058065543476,medium,0
7,25.62213205357464,high,1
7,36.578101073233206,low,1
4,49.11725475064429,low,0
9,43.99622614669244,low,1
6,68.081858035209,high,1
9,47.79269296706562,low,1
4,3.2767360970315353,medium,0
2,50.66618651811974,low,0
8,44.2900347506897,high,1
3,13.563879444793155,high,1
9,70.59797105232806,low,1
5,40.895188101505525,low,1
2,48.64196300114983,medium,0
6,27.859235709905832,low,1
2,13.221853071620123,low,0
8,7.130543684504181,medium,1
2,5.833140754864296,high,1
6,37.50019073698999,medium,1
9,5.060941639048007,low,1
5,13.435722236801244,medium,1
5,45.177277083212324,low,1
1,58.47911287677486,high,1
6,13.5478673184912,medium,1
6,42.59681885656122,low,1
9,20.3133227542907,low,1
3,28.56968072839669,low,0
2,24.26445476083115,medium,0
7,23.9084560366224,low,1
5,19.537252700996046,low,1
4,45.49392674241652,low,0
3,2.780985335036262,medium,0
3,58.756672377271585,medium,0
2,56.30216853124185,low,0
7,23.207356623323044,low,1
7,3.9461500475030142,low,1
8,32.550071102662585,medium,1
6,26.044897222688327,low,1
6,39.16550894417251,low,1
3,2.0717402172319836,low,0
6,56.80062888870657,low,1
7,69.96557506670243,low,1
7,32.13465593139026,high,1
1,50.15226867673442,low,0
7,71.36645309674994,low,1
2,19.892181035206598,low,0
9,13.213719149705703,low,1
4,66.48941343214135,low,0
9,21.897308575648758,low,1
7,69.09158662634243,medium,1
9,44.245958927166924,low,1
2,22.52206303784316,low,0
8,11.68695655587365,low,1
2,12.38272534287788,low,0
8,1.4266683297662626,low,1
3,9.478734430846881,medium,0
9,40.02225184501865,low,1
4,46.93345304839184,low,0
5,19.77848510344156,low,1
8,24.559705681801486,low,1
8,48.17319102199694,low,1
9,28.597547431180384,low,1
9,61.26443112764029,medium,1
5,49.17096885280725,medium,1
8,9.540607304327864,low,1
9,42.85481498385055,low,1
1,59.21625041232839,low,0
7,5.790527303222568,low,1
2,47.64093107225888,low,0
9,43.43878854239851,medium,1
7,70.90066872597528,medium,1
9,70.64158926133791,low,1
9,1.4791827272393645,low,1
8,24.93071024773893,low,1
1,20.8606886135268,medium,0
8,67.65036803983267,low,1
2,11.033544434306615,high,1
4,38.04702851969449,low,0
2,7.637505729565497,high,1
4,8.647021529911068,low,0
5,16.142679166742415,low,1
2,12.384834655917624,low,0
7,32.90581650995237,high,1
8,18.08662739684628,low,1
5,50.68236904918668,low,1
6,56.74082329949434,low,1
6,64.51536820007412,low,1
2,11.0381152688097,low,0
1,38.58482874176455,low,0
1,16.391310748586225,low,0
4,32.51286727797755,low,0
3,28.682768697839137,medium,0
5,53.50254418384789,low,1
6,70.4303556813347,low,1
2,27.244369176808394,low,0
5,8.177157352904214,low,1
9,0.6701022085664592,medium,1
9,17.386720978454218,low,1
3,63.79155482715234,low,0
6,27.263291419387016,low,1
3,52.64734064930143,low,0
7,60.24391784498189,low,1
9,68.03816389731038,low,1
4,21.504655284641537,high,1
9,56.800104424516775,low,1
4,61.08513830928677,low,0
5,30.078061279585683,low,1
4,30.905157976613467,low,0
5,50.65471143303506,low,1
5,41.62725689276596,low,1
1,65.46407404217048,low,0
6,70.59294859005267,low,1
9,37.79521371360489,low,1
3,13.213658053855461,high,1
9,61.96327669955201,low,1
8,16.691665545055358,low,1
1,61.10312488388017,low,0
3,62.133928561648034,low,0
5,56.378192633497974,medium,1
5,48.80295967640549,low,1
8,32.66446887677778,high,1
5,9.022358136390103,low,1
8,45.938443677441214,low,1
6,13.802714898917987,medium,1
1,26.46772786901783,low,0
1,2.849769829886517,low,0
6,24.679022214293802,medium,1
2,50.272455020999196,low,0
7,66.56651146837875,low,1
8,30.143783129641694,low,1
7,7.101305971994386,medium,1
6,59.28512893380568,high,1
5,5.895242960441128,low,1
1,68.77598902915989,low,0
3,25.54598182466026,low,0
4,67.64967043105908,low,0
9,30.892048715616347,low,1
2,61.24892928107062,medium,0
5,39.39576333724178,low,1
5,42.22505159201866,low,1
1,39.760523265915545,low,0
1,31.54596086468874,low,0
2,71.61088734805571,low,0
5,52.87732637625053,low,1
3,38.16625043290183,low,0
4,18.238094457982907,low,0
6,33.0176704169986,low,1
8,60.45595995721741,low,1
2,61.393808008902056,low,0
2,30.713556879556428,medium,0
2,12.121522435453057,low,0
9,53.661688769171676,low,1
6,49.02882843405981,low,1
4,26.182069435170504,high,1
6,17.75722256717336,low,1
3,35.55108244326019,low,0
9,33.9446887702824,low,1
7,38.4479055528929,low,1
9,40.320741211305425,low,1
4,46.47998788496168,low,0
9,57.95234352184068,low,1
3,56.641323215447905,low,0
9,61.35766801508232,low,1
5,14.950232908672447,low,1
7,55.293894686078076,low,1
7,51.961755592637815,low,1
9,9.532203485090042,low,1
8,20.44980598292808,medium,1
2,69.98765132116516,low,0
7,32.311944598558156,low,1
1,17.109916226745856,low,0
3,46.21320878666978,low,0
5,27.814116097981774,low,1
1,69.45362077156422,low,0
1,62.23955600599107,low,0
3,53.99057588687031,medium,0
8,49.598962585017695,low,1
4,7.999197342744031,medium,0
4,34.648508562620336,medium,0
3,25.239375789083745,high,1
7,5.174932438822269,low,1
6,32.127681046445424,medium,1
4,71.79248935684045,low,0
7,58.095840257500434,low,1
2,56.99933293521061,medium,0
7,16.62938672190993,low,1
8,39.827287547173114,low,1
6,11.779184237841708,low,1
3,54.7352132846504,low,0
8,33.53395105539889,low,1
9,63.24318476624696,low,1
8,39.98928318775148,low,1
8,39.74317111024543,low,1
9,38.44605613110098,low,1
6,6.480112042001714,low,1
5,69.36325130518338,low,1
5,24.46396081508083,low,1
4,45.89732301599347,low,0
7,5.8905959998546065,medium,1
3,70.1720907958262,low,0
9,11.377647110447803,low,1
9,67.57046488073206,low,1
5,7.33882040419979,low,1
2,19.948122910870676,low,0
4,28.526653813924703,low,0
8,26.077780702995582,medium,1
7,21.014430039798956,low,1
6,35.04295558685973,low,1
4,4.010559749102392,low,0
2,3.822267698026269,low,0
2,33.624032245104615,low,0
5,5.739639916744261,high,1
8,64.66485504419457,high,1
8,58.15994519326131,high,1
9,38.593072650371376,medium,1
7,54.81033703229645,low,1
5,10.784216388536226,medium,1
8,29.97987608758114,low,1
2,68.04133469511521,high,1
2,29.76400268339394,low,0
2,19.38843028721176,low,0
1,69.57950342178042,low,0
7,0.9256310312208296,medium,1
5,33.77710383609267,low,1
5,21.780208778319945,low,1
3,64.5071823394117,low,0
9,33.11266360952432,low,1
2,7.559575770748503,medium,0
3,38.83490295300746,low,0
9,45.05990913044836,high,1
3,47.64190101266174,low,0
6,40.781173203430995,low,1
4,32.85539890551046,low,0
4,4.631737253369493,medium,0
2,21.974829265261963,medium,0
9,61.96450726906832,low,1
6,3.401379416799781,medium,1
3,64.66023667225762,low,0
4,37.104677803446414,low,0
8,64.12456576146982,low,1
4,9.310965198685889,low,0
6,26.494417848661378,medium,1
3,66.90938396313075,low,0
4,1.1142933650686055,low,0
6,59.400956576495616,medium,1
3,51.39934999563663,low,0
7,52.63273038188509,low,1
2,41.119816889413435,high,1
6,50.053176347027616,low,1
6,59.92026630324854,high,1
8,24.358513176964657,low,1
8,65.88231372426253,low,1
2,39.92248569191558,low,0
9,48.19120775791778,low,1
9,62.29120779311897,medium,1
3,46.84745377745071,low,0
3,35.76260980950607,low,0
9,60.98664354553188,low,1
7,52.15153683765272,low,1
6,16.82957423291196,low,1
9,63.63482494954446,low,1
1,39.701791542431785,low,0
3,32.33329661171333,low,0
8,28.712607833354475,medium,1
8,13.090391439786345,low,1
8,57.87283357087873,low,1
7,44.3150420963483,low,1
8,9.676274314743289,high,1
7,41.65764843904297,low,1
8,41.87919598128025,high,1
6,48.663451451069456,low,1
7,8.651480655153478,low,1
6,32.57549775471192,low,1
6,29.31400949011195,low,1
1,63.74190078881478,low,0
4,41.493952363923086,low,0
3,67.74556462676733,low,0
7,8.784483483011506,low,1
8,21.757475365919014,high,1
1,32.79607143570651,low,0
4,63.4775171456691,low,0
2,13.465193530578606,low,0
3,41.8611116346107,low,0
7,48.62139774098555,low,1
4,29.5341010080075,low,0
5,66.42089055726184,low,1
4,30.76909720399,low,0
9,61.977179362227325,low,1
3,9.573453252208218,low,0
3,33.043161370402366,medium,0
3,57.58200230161087,low,0
4,51.39521731615214,low,0
2,40.25830758548408,medium,0
1,8.12460268527515,medium,0
6,68.23765799250705,low,1
7,59.80424378294411,low,1
5,26.39886075115183,low,1
9,13.94942112610035,high,1
7,34.05184869852096,low,1
7,52.83121455830131,low,1
1,61.57477753767595,low,0
1,41.10048075884823,low,0
2,59.48099789995818,medium,0
3,31.944863442651258,high,1
1,44.902531126402735,low,0
7,41.058741089994996,medium,1
2,12.484746564098543,low,0
8,37.809020759643644,medium,1
5,46.801553774254884,low,1
2,57.24366189378603,low,0
5,61.87441787119573,low,1
4,59.69230020102131,medium,0
5,23.50733025649054,low,1
6,11.680686823734664,low,1
4,27.96405532831345,medium,0
2,58.17618491878196,low,0
6,43.09044517333021,medium,1
6,13.611636391811441,low,1
7,65.27661562417079,low,1
7,14.838302125929072,medium,1
4,53.937401622205044,low,0
4,19.451442669925086,low,0
6,44.46768921110472,low,1
8,50.384747127632565,low,1
1,45.9204599636975,medium,0
1,32.894451220841376,low,0
1,65.19111594901749,low,0
2,34.11511979166932,low,0
5,45.60916897297804,low,1
9,19.226169130541308,low,1
4,63.73788583364483,low,0
3,17.620214936645716,low,0
1,34.399483527977786,low,0
9,3.930925368577028,medium,1
2,19.973353915139203,low,0
3,17.19215703680584,low,0
6,55.5945692395756,low,1
6,43.15112930368144,low,1
4,69.47391013313995,medium,0
3,50.61872982606031,medium,0
8,32.03803519124281,low,1
5,54.71704384605354,low,1
7,6.014842734825154,low,1
2,52.961482432882796,low,0
5,54.26226900824674,low,1
5,60.39878613233482,low,1
9,19.426177857622644,medium,1
1,16.636931444280858,low,0
9,22.561513641311187,medium,1
6,52.99427742118134,low,1
1,14.631329176725398,high,1
2,55.336177285078264,low,0
7,65.06299779651205,high,1
8,5.163644013877861,high,1
9,50.81464865301076,low,1
4,18.80269021867693,low,0
6,55.10804441056269,low,1
1,13.019296406755643,low,0
3,13.974344768266548,low,0
5,38.22998567480564,medium,1
7,18.69975557234823,low,1
5,20.768384118951673,medium,1
9,69.31125544917492,low,1
5,55.91079405602553,low,1
7,51.75396370394572,medium,1
6,34.80623397988834,low,1
1,16.654247077490552,low,0
8,57.304083235559645,low,1
7,51.46242290037326,low,1
2,61.208340598746474,high,1
8,18.6398838452961,low,1
1,55.83377393256543,low,0
2,38.32017377979184,medium,0
2,60.279772394120485,high,1
7,64.82730426401147,low,1
9,21.326455454248826,low,1
3,3.433853374057935,low,0
2,42.503146215930116,low,0
6,69.04900962989868,low,1
9,1.6945678999586296,low,1
3,60.527072928449314,low,0
8,11.609387197370975,low,1
3,67.6512616528061,low,0
3,8.136565746857217,high,1
8,31.774170716320516,low,1
4,20.147565931403832,high,1
2,41.40913207028265,low,0
7,68.63113693337989,medium,1
2,41.08859569506463,low,0
6,35.04322330146426,low,1
7,41.32767869528267,low,1
8,23.641937242119234,medium,1
9,70.013592313065,low,1
9,25.65055111117706,medium,1
1,25.10279230095042,low,0
6,60.76644132092513,low,1
7,11.037216800232322,low,1
8,53.78354092952468,low,1
3,55.14411254038799,high,1
9,27.747142929390197,medium,1
5,44.13205095137248,low,1
5,4.083573099983,high,1
5,19.946188993972456,medium,1
1,36.918283310238486,low,0
1,71.11341587212645,low,0
1,34.66170298222394,low,0
6,4.750446560337499,low,1
8,61.31106285391115,medium,1
1,60.317577929847545,low,0
2,1.6749255604871323,low,0
7,18.719661913515456,low,1
6,49.04454915762726,low,1
4,26.7751520477861,low,0
7,5.204927868228235,medium,1
6,13.475438336625105,medium,1
2,27.1861817158009,medium,0
9,4.188421337469508,low,1
4,12.751204854805177,high,1
6,53.49435483915233,low,1
3,50.479092503837286,low,0
1,5.313803874705092,low,0
3,25.890885126315165,low,0
1,51.663508964242176,low,0
7,39.101541452847975,medium,1
6,57.450157428411586,low,1
7,50.11365285711228,medium,1
3,34.27404555906456,low,0
2,35.555267887088895,low,0
7,40.9333340720061,low,1
9,20.940962137924494,low,1
1,9.315029873684928,high,1
5,71.48131399706745,low,1
4,17.63491959611616,medium,0
5,17.672566367326223,low,1
7,51.29002133787585,high,1
4,65.48795608805821,medium,0
4,69.22193215728177,low,0
7,61.49502537550878,medium,1
5,7.29046327721872,medium,1
7,26.115396334850423,low,1
4,5.371037039002336,medium,0
5,34.96924179683203,medium,1
9,3.2324892099269906,low,1
3,55.54384429258205,low,0
1,35.43505619296025,low,0
5,4.904650012332112,low,1
9,40.84756035937508,low,1
3,29.851210102683353,low,0
7,47.4352531546887,medium,1
1,23.574972809177623,low,0
4,13.426507665822296,low,0
2,44.55913659846884,low,0
6,54.18727420741343,low,1
9,64.60179088867245,medium,1
3,41.08314212555381,low,0
5,66.11581188953701,low,1
8,64.96908702016708,high,1
2,63.82434287711026,medium,0
8,20.510199323569825,low,1
4,9.05738189986771,medium,0
9,22.641454055088364,high,1
9,0.6418998835673291,low,1
2,64.8487506819907,low,0
2,17.492330334375204,low,0
2,67.97505840958446,low,0
4,30.965271124046307,low,0
2,12.978674180317295,low,0
2,26.180078615595985,low,0
2,19.982402492131676,low,0
5,33.45115190402574,low,1
2,57.26092566987826,low,0
1,65.61769789472623,high,1
6,34.95715933457353,medium,1
1,41.39936296720658,low,0
5,44.357896529421026,medium,1
9,65.23145941886202,low,1
8,36.922226419712004,low,1
8,64.66146077855355,low,1
3,64.56066313327321,high,1
6,40.63135645055547,low,1
3,38.22763404720704,low,0
2,32.73572019394733,low,0
9,47.709769458086505,medium,1
9,30.368656670916742,low,1
1,41.07731113234488,low,0
8,70.47384012891823,low,1
5,13.494709777561694,low,1
9,69.07097443157623,low,1
7,39.66224328999217,high,1
2,11.29953245715361,high,1
8,46.50354213840615,low,1
9,26.15827533962967,low,1
4,48.745155471180766,medium,0
2,16.860460881216373,low,0
3,40.00227639881162,low,0
2,52.250934486698526,low,0
7,52.94766693706775,low,1
5,31.86315765897343,low,1
7,1.8201059447163166,low,1
5,39.53937554555093,low,1
1,68.94636283925834,low,0
9,52.17596675585139,low,1
3,45.22933625765191,high,1
5,63.709484059956296,low,1
3,19.525306526034832,medium,0
1,64.67729101469205,low,0
5,1.7218657299863107,medium,1
9,69.9079864651528,low,1
3,63.34880337303502,medium,0
3,5.047806867756635,medium,0
1,39.027407181726424,low,0
1,47.59264318350408,high,1
9,34.822063935829014,low,1
9,54.425627818380136,medium,1
1,28.952995613619784,low,0
2,61.741895269529714,low,0
6,19.962065609220513,low,1
9,56.69517949876736,low,1
9,32.35403557872186,low,1
5,45.691425841455896,low,1
6,35.28098872035762,low,1
8,40.90220559501279,low,1
8,64.91960082606722,medium,1
7,47.18678384794649,low,1
7,47.79089758542451,low,1
5,1.1682598611033974,high,1
5,22.90167663210611,low,1
6,8.858298662705515,low,1
1,25.821520922500774,low,0
9,50.87353344779385,low,1
7,11.44453580827853,low,1
6,56.978170229411916,low,1
8,0.0649224298079325,low,1
9,13.900310675894513,medium,1
8,38.458424590812584,low,1
4,65.1337903149373,medium,0
3,54.32240783135368,low,0
1,6.365553216917576,medium,0
8,29.04105952709668,high,1
5,7.142824562886132,low,1
5,34.63455612665029,low,1
2,11.46919888126503,low,0
6,38.177364453384875,low,1
6,49.06629258308744,low,1
7,60.53900798337731,low,1
5,6.400937468488127,low,1
3,17.905789362475026,low,0
6,63.88485080880937,low,1
6,67.64529191320285,medium,1
6,32.12690164752581,low,1
1,22.65604030248872,low,0
5,2.163095621491003,medium,1
4,68.34975276470793,medium,0
4,24.27250765712326,medium,0
2,3.030030365086975,low,0
1,20.78489834468929,low,0
2,39.889985317187005,low,0
5,57.57825661847958,low,1
7,20.835144178184372,low,1
8,37.601928930773624,low,1
7,6.524485879683254,low,1
9,47.828247331038845,low,1
6,69.00754939685041,low,1
5,4.911606241900151,low,1
2,27.144260774741866,low,0
1,39.813572639519315,low,0
1,31.853674490768416,low,0
5,64.43297657544444,low,1
9,4.6025470303624125,low,1
7,52.13716296386466,high,1
8,17.688118694318696,low,1
2,36.4470351912748,high,1
5,30.80154532590808,medium,1
6,53.82810094647969,low,1
6,18.969780280318325,medium,1
2,36.40361091518866,low,0
7,53.14928841484348,low,1
2,17.24921214425873,low,0
5,53.12934882232848,low,1
1,65.73444259926777,low,0
9,67.58616541996611,low,1
5,46.08935561861821,low,1
5,57.592274253450746,low,1
4,8.965174592991419,high,1
2,37.202898939227225,low,0
6,4.980352020957315,low,1
6,21.451145118808554,low,1
1,15.493061040779747,low,0
5,2.3797547526536054,medium,1
9,7.06883783427924,medium,1
4,29.089931325232573,low,0
6,53.58685495552301,low,1
1,0.010699756787531989,low,0
8,17.620176983220098,low,1
5,42.81869101699775,low,1
2,23.38174369139525,low,0
4,63.68656923145291,low,0
1,24.679670857929334,low,0
3,21.52967635600701,medium,0
4,53.692108418088125,medium,0
2,53.46290138049075,low,0
2,46.16112237613272,medium,0
2,16.214383979960733,low,0
5,45.94658865869876,medium,1
9,61.97783543110813,low,1
1,24.714609700068653,low,0
1,1.6053255166377518,medium,0
3,66.36659087386198,low,0
5,49.43257260235688,low,1
1,5.175136420365678,low,0
9,30.8268874107818,medium,1
6,37.48492311009808,low,1
2,2.396023286174258,low,0
6,43.73738397018032,low,1
2,47.011668559902944,low,0
6,13.944744287583804,low,1
5,24.844346417200548,low,1
4,30.39765413487979,low,0
5,60.00395200681939,low,1
8,65.74631762869886,low,1
7,5.756874110653198,low,1
8,57.91758829238133,low,1
3,39.16071711315683,low,0
3,65.64598002999284,medium,0
5,18.607775355869016,low,1
7,44.23087892286674,low,1
1,15.326468648718677,low,0
2,55.155751607202646,low,0
2,44.468761033490345,high,1
5,47.40614330398452,low,1
3,71.92474260372757,medium,0
6,23.660044673626565,medium,1
4,42.689316125372294,low,0
8,38.3215091559329,medium,1
2,53.20159470858356,medium,0
6,59.373518921621695,low,1
8,54.677977314519865,medium,1
2,32.621823848522936,low,0
9,16.89419250903478,low,1
5,28.033644724019283,low,1
2,31.580724584047417,medium,0
7,54.65905414902869,high,1
9,63.717355069449184,medium,1
9,61.696028547448954,low,1
9,55.04289532433379,low,1
8,22.102021499972864,low,1
3,12.79126869069184,medium,0
2,42.15280275938182,low,0
4,69.4528196786819,low,0
1,18.91462681424744,low,0
1,24.736528869463825,medium,0
4,48.66742802859082,low,0
4,71.50654636842043,low,0
1,3.598119771308685,low,0
6,41.50504572441276,low,1
6,16.718364041319717,low,1
9,61.927743962793734,medium,1
5,62.13362618537664,medium,1
8,50.398997198611525,low,1
3,3.8035354718406422,high,1
4,59.32587337626453,low,0
1,63.09953463235166,low,0
3,66.3608555639247,low,0
1,6.965197123749549,low,0
7,21.360756532690274,low,1
8,23.491805432913942,low,1
2,1.6440664293825895,low,0
4,38.12168006843159,low,0
2,20.08468184057751,low,0
3,0.47490227828297993,low,1
3,33.77444916827263,low,0
5,56.73634279130446,low,1
4,68.9892799968718,low,0
3,43.36133783886876,low,0
2,41.11585128888421,low,0
1,27.954449812167113,medium,0
1,51.720888808378426,high,1
4,31.13248210257094,high,1
4,63.33151699923065,low,0
7,44.88159214198461,low,1
3,67.35306355685918,low,0
6,68.9409986305825,low,1
7,16.27657333945458,low,1
1,52.07465198486116,low,0
4,43.291656275409096,low,0
3,22.907670010911524,medium,0
1,17.03572786426009,low,0
6,6.606358262211121,low,1
5,21.849646098602246,low,1
5,18.06819900856457,medium,1
3,1.1643406487448758,low,0
9,46.12752590760877,low,1
2,13.618860860404144,low,0
6,33.43543996896952,low,1
9,50.96219322362119,low,1
3,51.54573364102803,high,1
3,1.0911620769710533,low,0
6,48.577438913101915,low,1
7,31.757020787188974,low,1
2,27.472581167003383,low,0
2,26.06795209984093,medium,0
2,36.35838160823449,low,0
6,0.10834562668742631,low,1
8,5.540986891478309,low,1
5,69.66398395148312,low,1
5,69.03698027127278,medium,1
7,17.47432156356344,low,1
6,0.13047171555144033,high,1
1,19.47816716119855,low,0
9,39.89735698972094,medium,1
2,60.53557755499735,medium,0
9,58.27978488313983,low,1
9,64.3690725739047,low,1
6,65.67861700562213,low,1
9,6.166016700078675,medium,1
7,36.708505588075596,medium,1
3,38.59900988957707,medium,0
7,17.191374112804496,low,1
7,31.729083708742646,low,1
8,20.59848042269517,medium,1
7,32.12693036587199,low,1
3,7.137827474073175,low,0
7,43.194981169661254,medium,1
8,69.16311804494808,low,1
2,64.30269858895048,low,0
6,62.11660470566764,low,1
3,54.579110734680874,low,0
5,48.998624325555596,low,1
6,35.55979773977446,medium,1
3,71.04996414865498,low,0
1,8.37355135994336,low,0
9,69.13907764406211,high,1
2,39.80071486971716,low,0
3,25.02785650747241,low,0
8,17.912615197507144,medium,1
3,26.908325938771778,low,0
2,47.66841509645083,low,0
5,55.67250050134766,medium,1
7,37.78871420695706,high,1
3,35.76168244424872,high,1
5,34.31080229605745,low,1
7,70.59421287169062,low,1
9,35.389002908267024,low,1
4,32.1087456461487,high,1
3,26.553701603923685,low,0
8,59.29292567175068,low,1
5,46.58695077259481,low,1
4,28.72583790003516,low,0
5,22.38335878050217,low,1
4,65.92927394917861,low,0
2,7.784921074747213,low,0
8,64.72680976493844,low,1
1,22.917066736077125,high,1
8,37.20201856715335,low,1
5,39.05340265510573,low,1
6,31.623320665949553,low,1
8,7.81438278379096,low,1
9,11.633343159384133,low,1
9,37.54010878759311,medium,1
8,58.41682111793415,high,1
3,20.31981371288508,low,0
2,23.175380373499994,medium,0
2,61.32725201210101,low,0
7,45.57905520217434,medium,1
2,2.238624302895797,low,0
4,8.203096127515154,low,0
3,0.6369510370969325,high,1
6,47.49767714756531,low,1
6,21.564661511101225,low,1
2,4.681063125784586,low,0
3,63.493778114548384,low,0
4,27.231847012434113,low,0
7,39.1403976871422,medium,1
7,40.45835921826633,low,1
1,14.687674031975025,low,0
9,65.23508859754712,high,1
2,35.125692619315686,low,0
1,24.183960275313595,low,0
2,44.603738307984976,low,0
4,10.988596510481923,medium,0
8,50.604142245265415,medium,1
7,68.09683944241169,medium,1
8,33.88994160994002,low,1
7,43.442070576193956,medium,1
9,27.001258381097085,low,1
7,36.915066988655845,low,1
4,31.51085437291217,low,0
6,10.60025496790978,low,1
7,17.737270534053483,low,1
5,37.27707439723361,low,1
3,52.389890469690584,low,0
3,41.16510454792645,low,0
9,32.598932711163606,low,1
3,59.71695224063008,low,0
8,2.8027802129780515,low,1
2,40.99597621754524,medium,0
3,49.3233655804027,low,0
9,6.872721536943201,low,1
9,3.473657603261991,low,1
5,15.577069222957647,low,1
4,0.6624617643816801,low,1
5,70.54479593837259,low,1
1,3.5118866228494063,low,0
5,3.962615430192856,low,1
3,67.15489483571827,low,0
6,17.49645436847378,low,1
2,48.9357991477555,low,0
8,59.8860889390976,low,1
7,45.74734948484135,low,1
2,13.811463889095311,low,0
8,49.45607679740698,low,1
2,52.62473297614888,low,0
7,1.622272769290885,high,1
4,66.08402885937774,low,0
7,68.23803020034956,low,1
1,3.72299746863765,low,0
2,6.749365791949212,medium,0
1,37.83056456849551,low,0
6,2.7286870648714343,low,1
4,25.30544241797709,high,1
3,44.21728866698418,low,0
8,28.901784404684125,low,1
8,26.372220280214194,high,1
2,64.48446244845796,low,0
4,0.10753148657220635,low,1
9,37.39977896762379,low,1
3,50.48386620546573,high,1
9,32.642965829964,low,1
3,12.113763636864505,medium,0
4,24.073090549309708,low,0
1,23.70635611041978,medium,0
6,54.47204194007344,low,1
7,70.52918842001714,low,1
9,8.596162672064715,low,1
8,11.148644954196037,low,1
2,41.04241066407982,low,0
8,60.025991045946945,medium,1
8,47.88081303511916,low,1
2,22.83189163717804,low,0
8,9.329828822881876,low,1
5,31.280861489505106,medium,1
6,3.809026124824509,medium,1
7,67.45204858616268,low,1
9,47.73910330434453,low,1
9,71.54767427486725,low,1
3,29.025012431108244,low,0
1,10.939132758063032,low,0
1,56.68869550988559,low,0
6,41.46493190280828,low,1
6,19.916516375193893,high,1
1,64.71588610301026,high,1
3,67.92712355778464,medium,0
9,10.421243089848119,low,1
9,47.15985941464919,low,1
3,68.85855544896228,low,0
4,38.8949836548553,medium,0
5,35.01669821428541,low,1
5,62.95085004974462,low,1
7,3.946517026665097,high,1
7,58.390472023017956,low,1
1,12.747136864320156,low,0
6,58.29756917994101,medium,1
9,28.34074350940307,low,1
5,60.60206221734175,high,1
7,35.24263707953771,medium,1
7,67.23478326508926,low,1
2,54.35812730367835,low,0
9,3.2252758140998,low,1
7,39.608017595338346,low,1
9,57.243144957169,low,1
6,6.342577397707491,medium,1
1,66.96848398006044,low,0
9,37.45415290159724,low,1
1,30.970575248313573,low,0
7,60.74397223475308,low,1
1,65.96785040786718,low,0
6,58.8145381300062,medium,1
6,26.484499666460255,medium,1
7,53.155473134333675,low,1
6,23.51047955979273,low,1
2,55.79295321082063,low,0
9,35.33137182399341,low,1
1,61.91335753340486,low,0
5,55.78024413420534,medium,1
4,24.247118916264203,low,0
8,64.98283479241053,low,1
1,60.405641929961995,low,0
9,13.593970052629777,low,1
3,20.09775980076345,low,0
5,23.84081345288132,low,1
5,6.052647743557207,medium,1
4,12.183713233626971,high,1
8,45.82201968695899,low,1
3,49.313979195499755,low,0
3,7.752684378646875,low,0
2,69.21098147544492,low,0
3,65.63332464177465,low,0
3,42.702113974943266,low,0
9,54.85311361383125,low,1
9,13.266069399397278,medium,1
6,17.10021719164632,medium,1
3,29.89808265438225,low,0
4,71.76022581055133,low,0
7,50.01031338077534,high,1
1,61.03647455972154,low,0
4,60.85509138167305,high,1
2,40.441986757989945,low,0
9,25.575467709231592,low,1
5,44.92257663508536,low,1
2,7.81999082986482,low,0
1,32.337101071639914,low,0
5,50.077227454098484,medium,1
2,39.01368347948279,low,0
8,11.012187857391059,medium,1
5,29.52803043432665,low,1
2,41.88717417399108,low,0
6,11.32915160593928,low,1
2,65.8885494443359,low,0
3,25.166343316920482,low,0
2,45.684940494855226,low,0
6,53.476291128417685,low,1
2,17.992506315966054,low,0
2,10.533934421410212,high,1
9,53.8458267376031,low,1
1,31.45722383681193,low,0
6,55.689602297650936,low,1
5,59.48045707675706,low,1
6,23.546318534011228,low,1
1,13.487856842386886,high,1
3,12.241480665513617,low,0
2,59.11688823155384,low,0
2,71.8100199761148,low,0
6,10.540108370107106,low,1
7,36.51137876987853,low,1
8,29.065016829990846,medium,1
4,50.07258904873321,low,0
5,38.17357060068966,low,1
6,13.275100854495456,low,1
1,27.846922995064478,low,0
1,36.548880108921445,low,0
3,24.65100899749817,low,0
3,6.179170543105838,low,0
7,4.479493028251479,low,1
3,25.744574971535013,medium,0
5,40.13808699578499,low,1
6,17.910789280979,low,1
6,60.855785812252954,low,1
5,34.99923484626243,medium,1
7,19.094624169455933,medium,1
3,56.82598758901591,low,0
6,6.5244913934579545,medium,1
4,39.87616008801381,low,0
9,14.3114155824326,low,1
9,68.50413114128551,low,1
6,41.89350590490397,low,1
2,20.69694719171103,low,0
7,57.92547491548646,medium,1
8,61.28524297982101,low,1
2,33.23682469323789,low,0
5,25.67454264733738,medium,1
9,4.3908642484446405,low,1
4,13.778612437110585,medium,0
5,32.24687320879676,low,1
4,12.912548263318698,low,0
4,33.74975917348326,low,0
5,11.264187422417486,low,1
5,18.282492965461373,low,1
4,40.645807727821136,medium,0
7,25.77650434312881,low,1
3,42.85435277299452,low,0
3,31.564339999224252,low,0
6,9.105163480512449,low,1
4,11.737198965917415,low,0
4,64.61538381193424,low,0
3,51.90959431114375,low,0
5,63.370071533977374,low,1
3,33.74092898259335,low,0
4,48.92546882865996,low,0
6,22.781821727338855,low,1
9,42.45915455415822,low,1
2,56.2075152067861,medium,0
9,34.17612938346882,low,1
1,8.688064403374108,low,0
5,32.79139313294681,low,1
3,5.695667421163027,medium,0
1,40.3861892248419,low,0
9,30.23424336763157,low,1
4,66.11114625687158,low,0
1,71.24092946475993,medium,0
